DocumentId,Title,BodyText,ProposerCharacterId,DocumentType,FactionLogoName,DisasterId,DisasterStageId,TaskId,TaskStageId,IsRepeatable,Remark,OptionA_Text,OptionB_Text,OptionA_MoneyChange,OptionB_MoneyChange,OptionA_MaterialChange,OptionB_MaterialChange,OptionA_FoodChange,OptionB_FoodChange,OptionA_NobleSuspicionChange,OptionB_NobleSuspicionChange,OptionA_AcademySuspicionChange,OptionB_AcademySuspicionChange,OptionA_ChurchSuspicionChange,OptionB_ChurchSuspicionChange,OptionA_CivilianSuspicionChange,OptionB_CivilianSuspicionChange,OptionA_TaskScoreChange,OptionB_TaskScoreChange,OptionA_RequiredItemId,OptionB_RequiredItemId,OptionA_RequiredItemCount,OptionB_RequiredItemCount,OptionA_ConsumeItem,OptionB_ConsumeItem,OptionA_AddItemId,OptionB_AddItemId,OptionA_AddItemCount,OptionB_AddItemCount,OptionA_NextDocumentId,OptionB_NextDocumentId,OptionA_NextDocumentDelayRound,OptionB_NextDocumentDelayRound,OptionA_UnlockBuildingId,OptionB_UnlockBuildingId,OptionA_ResultText,OptionB_ResultText,OptionA_ProposerFeedbackText,OptionB_ProposerFeedbackText,OptionA_FeedbackFactionId,OptionB_FeedbackFactionId,OptionA_FactionFeedbackText,OptionB_FactionFeedbackText
D0001,观星台的决定,我去看过那场争论会了，吵的我有些头痛……所以我希望在我还醒着的时候可以把事情定下来，关于观星台能不能建起来给个准话就好。,C0014,Task,学院,DI0001,DS0006,T0002,TS0002,0,任务公文示例,同意,拒绝,-5,0,-3,0,0,0,0,1,-2,1,0,1,-1,2,2,-2,,,0,0,0,0,,,0,0,D0002,,1,0,B0001,,第一批排水材料被送出。,申请被压回待议。,建材和建筑队已经准备好了，现在我就去让人动工。,我能理解，在我现在的工坊上改造一下也勉勉强强够用。,F0004,F0004,一个低贱的泥腿子如今要站的比我们都高了吗——物理上的也不可以！,一个平民就应该认清楚自己应该在的位置。
D0002,预知·防止疫病,我听说了暴雨要来了，而且还会有不少人生病？我已经和那个公会长商量过了，她把后勤借我，我也喊点人，提前准备一批常用药，但需要一点经费。,C0001,Task,黑帮,DI0001,DS0007,,,,后续公文示例；补资源提交需求：用于公文物品面板弹出测试。,同意,拒绝,-1,0,0,0,1,0,0,0,0,0,0,0,-1,1,0,0,,,0,0,0,0,,,0,0,,,0,0,,,回执被补入账册。,回执被压在桌角。,呼，在下这就去安排人，说实话来这里说话还让人感觉挺激动的。,囊中羞涩？可以理解，现在的存货应该也够用。,F0001,F0001,哦哦哦，我们还没被忘记呢。,所以大雨不会又是上面想起来要求涨税的把戏吧。
D0003,预知·图书馆,我相信观星者所言，暴雨就要来了，为了保护正在研究的遗物与相关文献，我希望在高地建立一个新的大图书馆。,C0010,Task,学院,DI0001,DS0008,,,,补资源提交需求：用于公文物品面板弹出测试。,同意,拒绝,0,0,-1,0,0,0,0,0,0,0,0,0,0,0,0,0,,,0,0,0,0,,,0,0,,,0,0,,,,,放心，我会将那些珍贵的存在保护的很好。,那我只能另想办法了。,F0004,F0002,那些遗物进了你们学院的大图书馆就真的出不来了！,如果有所损失，将是全世界的损失。
D0004,人手不足,我已经收到这一次的行动要求了，但没有工钱那些冒险者是不会来干活的，而且事情太多了，人手严重不足啊，老大，可以再拨点经费吗。,C0004,Task,工会,DI0001,DS0010,T0004,TS0004,,补资源提交需求：用于公文物品面板弹出测试。,同意,拒绝,0,0,0,0,-1,0,0,0,0,0,0,0,0,0,0,0,,,0,0,0,0,,,0,0,,,0,0,,,,,好嘞，我这就开始干活。,好吧，我再去想想办法。,F0001,F0001,动起来动起来，来活了！,让他们打白工？做梦去吧。
D0005,加固粮仓,大臣，我们的粮仓有些太过老旧了，我怕他们撑不过这一次的灾难，我希望你看看我们手上的资源够不够新建一个加固的粮仓。,C0023,Task,王室,DI0001,DS0011,,,,补资源提交需求：用于公文物品面板弹出测试。,同意,拒绝,-2,0,0,0,0,0,0,0,0,0,0,0,0,0,0,0,,,0,0,0,0,,,0,0,,,0,0,,,,,这也是一个让那些家伙打开已有粮仓的机会。,我们已经连新造粮仓的资源都没有了吗。,F0001,F0004,别一要开仓就直接又起火了，现在可还下着雨呢。,一定是下面的家伙不够努力。
D0006,小诊所,骷髅阁下，如今下城区愈来愈多的人染上了风寒，这不是一个好兆头，看起来那所谓的黑帮诊所已经超负荷了，我希望可以安排一些医疗牧师和祭司去开办一些小诊所。,C0016,Task,教会,DI0001,DS0012,,,,补资源提交需求：用于公文物品面板弹出测试。,同意,拒绝,0,0,-2,0,0,0,0,0,0,0,0,0,0,0,0,0,,,0,0,0,0,,,0,0,,,0,0,,,,,这是让系统且神圣的医疗落入下城区的机会。,真是可惜，不过我还是会出手帮忙的。,F0001,F0002,你们就是想取代帮派诊所搞垄断吧。,别被这家伙骗了，他想收买人心罢了。
D0007,粮商1,哦，这位新来的大臣，有没有兴趣做一笔生意顺便救一下国？我手下有一个粮商渠道可以弄到便宜的粮食，你也来参一股，到时候下头人有粮食我们有钱，双赢。,C0025,Task,贵族,DI0001,DS0002,,,,补资源提交需求：用于公文物品面板弹出测试。,同意,拒绝,0,0,0,0,-2,0,0,0,0,0,0,0,0,0,0,0,,,0,0,0,0,,,0,0,,,0,0,,,,,哦，不用你的钱，你的这个盖章就够了，等着数钱吧。,你真的就连这种躺着赚钱的活都要拒绝？,F0004,F0004,终于来了一个知道双赢的大臣。,又来一个看不懂贵族友谊的家伙。
D0008,越权扩张,学院开始对下城区进行了扩展，购入了不少下城区的地皮用来给外地来生建学徒宿舍与食堂，但他们没有提交申请，这是越权行为——那些地是原本我准备建孤儿院的。,C0016,Task,教会,DI0001,DS0003,,,,补资源提交需求：用于公文物品面板弹出测试。,同意学院继续,制止学院继续,-1,0,0,0,0,0,0,0,0,0,0,0,0,0,0,0,,,0,0,0,0,,,0,0,,,0,0,,,,,您不明白，这不仅仅是一块地，他们在视他人的规则于无物。,感谢您，现在我们的孤儿的去处有着落了。,F0002,F0002,时间不等人，我们有那么多新学徒。,那我们的学徒去哪里？
D0009,流浪王室1,哦，你就是那个新晋大臣？抱歉前一阵子没有时间来见你……可以拜托你一个事情吗，巡视的时候麻烦把我的那个泡在酒精里的弟弟抓回来，谢谢。,C0023,Task,王室,DI0001,DS0004,,,,补资源提交需求：用于公文物品面板弹出测试。,同意,同意,0,0,-1,0,0,0,0,0,0,0,0,0,0,0,0,0,,,0,0,0,0,,,0,0,D0012,,2,0,,,,,麻烦你替我们收拾了那么多烂摊子——接下来我要去收拾我负责的那部分了。,,F0004,,王子又跑了？还好我们还有个王女。,
D0010,粮商5·教会,阁下，非常感谢您将那个卑劣小偷与他的赃款送还给了教会，嗷嗷待哺的羔羊们终于拥有了明天的希望，为了感谢您，这一批粮食将以您的名义布施。,C0016,Task,教会,DI0001,,,,,补资源提交需求：用于公文物品面板弹出测试。,同意,拒绝,0,0,0,0,-1,0,0,0,0,0,0,0,0,0,0,0,,,0,0,0,0,,,0,0,,,0,0,,,,,再次感谢您的公正与理智，感谢王都还有个明事理的。,看起来您还是一个谦虚的人。,F0003,F0003,哦——赞美骷髅大臣——,哦——赞美谦虚的骷髅大臣——
D0011,粮商5·学院,大臣，在你决定将粮商留给我们后，学院已经把粮食都搬走了，唯独把粮商留下了，在昨天那个粮食不知道被谁扒了皮倒着钉死在了安全屋外，能不能安排个胆大的把他取下来。,C0001,Task,黑帮,DI0001,,,,,补资源提交需求：用于公文物品面板弹出测试。,同意,拒绝,-2,0,0,0,0,0,0,0,0,0,0,0,0,0,0,0,,,0,0,0,0,,,0,0,,,0,0,,,,,谢天谢地，下城区的小伙子们都吐了。,别啊，光是看看我的人都腿软。,F0002,F0002,哪来的疯子干的这出。,我不会让我的卫队去干着活的。
D0012,流浪王室2,骷髅，我的子民即将收到天洪的袭扰，但我的儿子却没有出现在他作为王室应该出现的地方……请帮我把他带回来，哪怕只是作为稳定民心的花瓶，他也必须在这个宫殿。,C0022,Task,王室,DI0001,,,,,补资源提交需求：用于公文物品面板弹出测试。,同意,同意,0,0,-2,0,0,0,0,0,0,0,0,0,0,0,0,0,,,0,0,0,0,,,0,0,,,0,0,,,,,启动你是一个正确的决定。,,F0004,,王子双跑了？还好我们还有个王女。,
D0013,药浴,大臣，你还在忙？真羡慕你，不用收到水汽的困扰，我的关节如今都在嘎嘎作响，还好我们发现了应该如何去解决——泡药浴！能不能让下城区的人多送点药草来啊？,C0025,Task,贵族,DI0001,,,,,补资源提交需求：用于公文物品面板弹出测试。,同意,拒绝,0,0,0,0,-2,0,0,0,0,0,0,0,0,0,0,0,,,0,0,0,0,,,0,0,,,0,0,,,,,哦~我等不及享受温泉了。,真是过分啊，大臣，真是过分。,F0001,F0004,我的孩子在感冒，药为什么还在涨！,现在的库存可泡不了几天了。
D0014,下城区骚乱,老大，下城区已经有小型骚乱发生了，可调度的冒险者已经不够用了，能不能允许下城区组建一只临时的治安巡逻队？,C0004,Task,工会,DI0001,,,,,补资源提交需求：用于公文物品面板弹出测试。,同意,拒绝,-1,0,0,0,0,0,0,0,0,0,0,0,0,0,0,0,,,0,0,0,0,,,0,0,,,0,0,,,,,希望这样子可以安分点。,那我再想想其他办法。,F0001,F0001,现在只是抱怨两句就要被堵上嘴！,我接漏水的水缸被人偷了！
D0015,上城区抱怨,骷髅，你是不是有些太偏心下城区的那些贱民了，搞清楚，是我们在维持这个国家运转！没有我们的恩准，他们甚至无权在我们的土地上种地！我要求以后物资优先给我们。,C0026,Task,贵族,DI0001,,,,,补资源提交需求：用于公文物品面板弹出测试。,同意,拒绝,0,0,-1,0,0,0,0,0,0,0,0,0,0,0,0,0,,,0,0,0,0,,,0,0,,,0,0,,,,,呵，你还算拎得清。,注意你的安全，骷髅！,F0001,F0004,那我们呢？,这是纯粹的挑衅！
D0016,邪教徒冒头,老大，那群挨千刀的邪教徒又混进来冒头了，冒险者完全不够用，能不能额外雇点人去处理一下这些老鼠。,C0004,Task,工会,DI0001,,,,,补资源提交需求：用于公文物品面板弹出测试。,同意,拒绝,0,0,0,0,-1,0,0,0,0,0,0,0,0,0,0,0,,,0,0,0,0,,,0,0,,,0,0,,,,,太好了，我这就安排人去捕鼠。,啊……那我再努力努力吧。,F0001,F0001,赶紧把那些疯子扫出去。,那些恶心的家伙大半夜在那传教！
D0017,粮食减产,下城区的本来就不多的耕地现在产量越来越少了，学院和贵族田里长出来的粮食可不会到真正的穷鬼嘴里——所以至少要让学院多出点肥料！,C0001,Task,黑帮,DI0001,,,,,补资源提交需求：用于公文物品面板弹出测试。,同意,拒绝,-2,0,0,0,0,0,0,0,0,0,0,0,0,0,0,0,,,0,0,0,0,,,0,0,,,0,0,,,,,至少教会救济院门口可以少一点饿死鬼排队了。,那就稍微想想办法，改变一下现状？,F0002,F0002,大臣，我们不是福利机构。,不是教会喜欢当滥好人吗，让他们继续。
D0018,危险商路,您听说了吗，最近有一支新的商队抵达了王都，而他们所走的路虽然危险但拦路的土匪实在是太多，如果您愿意带头出资剿匪的话，大家一定愿意一起维护商路稳定的。,C0005,Task,工会,DI0001,,,,,补资源提交需求：用于公文物品面板弹出测试。,同意,拒绝,0,0,-2,0,0,0,0,0,0,0,0,0,0,0,0,0,,,0,0,0,0,,,0,0,,,0,0,,,,,我懂，我懂，七成是您的。,我只能独占全部收入了。,F0001,F0001,大臣来了，这商路就太平了！,解释解释，什么叫他妈的剿匪税？
D0019,下城区污水管泄露,下城区有根污水管爆掉了，味道隔着几条街我都闻得到，我们正在组织人去维修，但需要您在下城区开始粪海蝶泳之前同意拨款购入材料。,C0004,Task,工会,DI0001,,,,,补资源提交需求：用于公文物品面板弹出测试。,同意,拒绝,0,0,0,0,-2,0,0,0,0,0,0,0,0,0,0,0,,,0,0,0,0,,,0,0,,,0,0,,,,,我立刻安排下去！,……下城区什么时候多了一个棕色喷泉？,F0001,F0001,求求你快点，我感觉不到鼻子了！,屎？！
D0020,诡异动静,教区的边界处出现了很多奇怪的爪痕，可能是某种危险生物。为了平民的安全，我有责任在此请求您对此展开调查……尤其是对于学院那边，他们从来管不好实验动物。,C0020,Task,教会,DI0001,,,,,补资源提交需求：用于公文物品面板弹出测试。,同意,拒绝,-1,0,0,0,0,0,0,0,0,0,0,0,0,0,0,0,,,0,0,0,0,,,0,0,,,0,0,,,,,我不会容忍亵渎之物危害神的信徒的。,无妨，护教军会自己抓住那只畜生的。,F0002,F0002,这简直就是毫无依据的指控。,还请不要找借口把城市弄的一团糟。
D0021,滥用私刑,有上城区卫兵在借着外派执勤的名义，去到下城区殴打平民勒索保护费。这种现象已经不是第一次发生了，必须对涉事者进行审查，让他们管好自己的手。,C0016,Task,教会,DI0001,,,,,补资源提交需求：用于公文物品面板弹出测试。,同意,拒绝,0,0,-1,0,0,0,0,0,0,0,0,0,0,0,0,0,,,0,0,0,0,,,0,0,,,0,0,,,,,这样子至少可以让他们安分一阵子。,终有一日，积压的怒意会宣泄而出的。,F0004,F0004,这就是规矩，不是吗，有什么不对。,那一天还没到呢。
D0022,救济粮,教会正在筹划一次面向无业贫民的大型布道活动，在事后会进行分发一些救济粮，希望您批准对大型集会提供许可。,C0017,Task,教会,DI0001,,,,,补资源提交需求：用于公文物品面板弹出测试。,同意,拒绝,0,0,0,0,-1,0,0,0,0,0,0,0,0,0,0,0,,,0,0,0,0,,,0,0,,,0,0,,,,,对于那些人来说，干硬的黑面包就是生活的希望。,希望您在未来可以为他们找到新的出路……,F0004,F0001,好端端的粮食就被这样子给了穷人，糟蹋啊。,不给我们面包，就给我们工作！
D0023,潜在暴乱,上城区的一些卫兵里有疑似有邪教徒混入在试图煽动破坏，为了避免来自下城区的卫兵加入，必须将他们打散重新安排。,C0027,Task,贵族,DI0001,,,,,补资源提交需求：用于公文物品面板弹出测试。,打乱编制,拒绝改变,-2,0,0,0,0,0,0,0,0,0,0,0,0,0,0,0,,,0,0,0,0,,,0,0,,,0,0,,,,,没了同伙，潜在的暴徒就不成气候。,什么意思，拿我们当危险分子？,F0001,F0004,别对他们太信任了，抓紧找到源头吧。,天哪，现在连卫兵都不能信任了吗。
D0024,大公会,一些有势力扶持的大公会在业务上有垄断趋势，一些小工会已经门可罗雀，为了健康的市场生态，最好通过平衡一下任务发放来帮助这些小工会的生存。,C0004,Task,工会,DI0001,,,,,补资源提交需求：用于公文物品面板弹出测试。,同意,拒绝,0,0,-2,0,0,0,0,0,0,0,0,0,0,0,0,0,,,0,0,0,0,,,0,0,,,0,0,,,,,有时候有形的铁靴必须踩在无形的大手之上。,这不太利于冒险者市场的发展……,F0002,F0002,那是合法合规的市场竞争。,这是市场自己得出的结果。
D0025,技术间谍,学院工坊外围出现了一些形迹可疑的人，恐怕是走私犯或者技术间谍。为了防止他们暗中搞破坏，我希望可以允许学院进行卫队的调度。,C0012,Task,工坊,DI0001,,,,,补资源提交需求：用于公文物品面板弹出测试。,同意,拒绝,0,0,0,0,-2,0,0,0,0,0,0,0,0,0,0,0,,,0,0,0,0,,,0,0,D0026,,1,0,,,,,卫队将暂时进驻在工坊。,呼，终于可以不用担心技术小偷了。,F0002,F0003,那我们的专利谁来保护。,也许你们应该把精力放在创新而不是守旧。
D0026,卫队扩充,卫队接下来的行动需要更多人手，我们希望允许学院少量扩充卫兵数量，配套的装备和器材也需要更新。,C0012,Task,工坊,DI0001,,,,,补资源提交需求：用于公文物品面板弹出测试。,同意,拒绝,-1,0,0,0,0,0,0,0,0,0,0,0,0,0,0,0,,,0,0,0,0,,,0,0,,,0,0,,,,,我们纯粹是为了自保。,只有现在这点人力，怎么领导巡查？,F0003,F0003,规矩只要撕开口子就停不下来了。,穷兵黩武通常是失控的前兆。
D0027,食肉植物,一株巨大的食肉植物挡在了遗迹的主通道里，在拿我们的冒险者当下午茶，我们要不要调度一些精锐带着学院的最新武器去把它烧咯。,C0004,Task,工会,DI0001,,,,,补资源提交需求：用于公文物品面板弹出测试。,同意,拒绝,0,0,-1,0,0,0,0,0,0,0,0,0,0,0,0,0,,,0,0,0,0,,,0,0,,,0,0,,,,,哈，蔬菜烧烤！,好了好了，这下坏了......,F0002,F0001,学院卫队会对此次行动提供支援。,我们是不是还要提前给自己撒点佐料。
D0028,呕吐病,那些工厂直接朝水源里排放工业废物，喝了这些水的人就会止不住地呕吐，医院已经焦头烂额了。学院必须为此负责！,C0017,Task,教会,DI0001,,,,,补资源提交需求：用于公文物品面板弹出测试。,问责学院,假装不知,0,0,0,0,-1,0,0,0,0,0,0,0,0,0,0,0,,,0,0,0,0,,,0,0,,,0,0,,,,,对病人的赔款一分都不能少。,太荒谬了，您明明知道是谁导致了这一切。,F0002,F0002,再重申一遍，呕吐病情和工厂没有关系。,无非是想要索取赔款的小手段而已。
D0029,净化设备,啊！那些刺鼻的废气到处飘散，搞得我逛花园的兴致都没了，赶紧让那些工坊加个什么净气设备吧，直接关停了最好！,C0026,Task,贵族,DI0001,,,,,补资源提交需求：用于公文物品面板弹出测试。,同意,你自己去说,-2,0,0,0,0,0,0,0,0,0,0,0,0,0,0,0,,,0,0,0,0,,,0,0,,,0,0,,,,,呵，这才像话。,有这种味道，谁还愿意出门赏花去？,F0004,F0004,空气可算要清新点了，接着奏乐吧。,不管是从环境保护还是别的方面，这可都不是什么明智的选择。
D0030,新图书馆,现在的图书馆有些陈旧，连带着里面的历史古籍都老化了。为了保存我们宝贵的文化遗产，您不觉得该从税款中分一部分对图书馆进行翻新吗？,C0026,Task,贵族,DI0001,,,,,补资源提交需求：用于公文物品面板弹出测试。,同意,拒绝,0,0,-2,0,0,0,0,0,0,0,0,0,0,0,0,0,,,0,0,0,0,,,0,0,,,0,0,,,,,太好了，我很期盼早日看到图书馆焕然一新的样子。,后世会诟病这个决定的。,F0001,F0001,我们辛苦缴的税就用来修那破屋子了？,得了吧，我们已经开始诟病你了。
D0031,异端追猎,我们有确凿理由相信，一个宣传应该用神术控制贫民并偷窃教会遗物的异端正躲藏在学院之中，为了保证抓捕的成功率，我们准备突袭他的藏身处，希望批准此次突袭。,C0016,Task,教会,DI0001,,,,,补资源提交需求：用于公文物品面板弹出测试。,同意,拒绝,0,0,0,0,-2,0,0,0,0,0,0,0,0,0,0,0,,,0,0,0,0,,,0,0,,,0,0,,,,,感谢您的批准，护教军，立刻展开猎巫行动。,这是学院对一个异端的政治庇护！,F0002,F0002,这是对学院民众的人身侵害，我们强烈谴责这种无端污蔑。,这是相当严重的指控，学院拒不接受。
D0032,解剖展示,您不觉得将一只堕落者在公开课上解剖掉有助于学徒们试着了解这种现象吗？我们已经搞到了样本，但是教会那边需要您帮忙安抚一下，他们对这些东西可魔怔了。,C0010,Task,学院,DI0001,,,,,补资源提交需求：用于公文物品面板弹出测试。,同意,拒绝,-1,0,0,0,0,0,0,0,0,0,0,0,0,0,0,0,,,0,0,0,0,,,0,0,,,0,0,,,,,这块是肠子、这块是胃、这块.....这块是什么玩意？,切，多好的教学机会啊。,F0003,F0003,这些亵渎之物应该被火焰焚尽，哪有堂而皇之展示的道理？,我们会派人来妥善处理那个样本的。
D0033,化尸水,两天前有个学徒掉学院的水管系统里淹死了，现在尸体还没捞出来，关键是这个水管还连着下城区，您得帮忙管控下流言蜚语，反正喝不死人，但舆论是真能要命。,C0012,Task,工坊,DI0001,,,,,补资源提交需求：用于公文物品面板弹出测试。,同意,拒绝,0,0,-1,0,0,0,0,0,0,0,0,0,0,0,0,0,,,0,0,0,0,,,0,0,,,0,0,,,,,如果您过意不去，我可以往水池里撒点佐料调味。,好吧，这回那些刁民又该气炸了。,F0001,F0001,这水尝着......何异味？,你们就说这种水干净又卫生？！
D0034,广播系统,在下城区铺设一整套广播系统定期报时并念诵教义将会很有利于巩固信仰，还能取代一些只会死背教条的教会腐肉，您的政令也能更方便的推行，何乐而不为呢？,C0016,Task,教会,DI0001,,,,,补资源提交需求：用于公文物品面板弹出测试。,同意,拒绝,0,0,0,0,-1,0,0,0,0,0,0,0,0,0,0,0,,,0,0,0,0,,,0,0,,,0,0,,,,,定期的传道定能帮助人们找到方向。,也许您有别的考量。,F0001,F0003,至少有个报时的了。,呼……差点失业了。
D0035,移动餐车,我们应当组建移动餐车队伍，一边向难民分发食物一边布道，既能帮助人们又能传播神谕，但大祭司觉得纯粹的施舍只会适得其反，希望您可以为我们提供一些食物。,C0017,Task,教会,DI0001,,,,,补资源提交需求：用于公文物品面板弹出测试。,同意,拒绝,-2,0,0,0,0,0,0,0,0,0,0,0,0,0,0,0,,,0,0,0,0,,,0,0,,,0,0,,,,,吃不起饭的人们会很高兴听到这消息的。,这不是个仁慈的决定。,F0003,F0003,车队将自王宫出发，一直行驶到下城区的最边缘。,由于不可抗力，我们只能遗憾地宣布计划取消。
D0036,学院剿匪,那些荒野上的土匪最近连运着我们学院货品的商队都敢截了，看来他们是忘了自己有几斤几两，必须让卫队出城，让他们长点教训。,C0011,Task,学院,DI0001,,,,,补资源提交需求：用于公文物品面板弹出测试。,同意,拒绝,0,0,-2,0,0,0,0,0,0,0,0,0,0,0,0,0,,,0,0,0,0,,,0,0,,,0,0,,,,,犯王都疆土者，卫队必击而破之。,已严肃支持重新扫清商路周遭。,F0002,F0002,这下商人们会很难办的。,进口贸易额因为抢劫问题严重缩水了，这不是什么好迹象。
D0037,魔导系统,王宫不少地方居然还在使用油灯和垃圾，我计划在王宫和附近区域先行推广教会与学院一同研究的魔导技术来负责照明和功能，我们还能不能拨出一笔专款？,C0023,Task,王室,DI0001,,,,,补资源提交需求：用于公文物品面板弹出测试。,同意,拒绝,0,0,0,0,-2,0,0,0,0,0,0,0,0,0,0,0,,,0,0,0,0,,,0,0,,,0,0,,,,,这将是整个王国的一次进步。,啊，灯是多美好的发明啊。,F0004,F0004,我们现在居然连这些钱都没了。,好吧，反正也不是什么大事。
D0038,军火走私,哦，阁下，下城区的帮派开始为其他城市提供军火走私业务了，既然有这个市场需求，为何不干脆把仓库里那些快报废的破烂拿去倾销，成为最大的供应商呢？,C0005,Task,工会,DI0001,,,,,补资源提交需求：用于公文物品面板弹出测试。,同意,拒绝,-1,0,0,0,0,0,0,0,0,0,0,0,0,0,0,0,,,0,0,0,0,,,0,0,,,0,0,,,,,啊哈！我就知道您的商业嗅觉足够灵敏。,这只是一个提案……,F0001,F0001,为什么这批货是上一代制式武器？,再让外面那帮人拿枪到处耍，就没人能睡个好觉了。
D0039,尸体失窃,我们高贵的家族墓地之中竟然出现了遗体失窃的案件，那些学院的家伙竟然为了所谓的科学而亵渎逝者，我现在严正要求对学院展开调查，必须要揪出犯案者！,C0023,Task,王室,DI0001,,,,,补资源提交需求：用于公文物品面板弹出测试。,同意,拒绝,0,0,-1,0,0,0,0,0,0,0,0,0,0,0,0,0,,,0,0,0,0,,,0,0,,,0,0,,,,,至少要对死者保持尊敬！,啊，就连我祖父的在天之灵都会谩骂您的。,F0002,F0002,你们尽管查吧，这都是为了科学。,目前没有什么证据证明灵魂存在。
D0040,效率改造,我们研究出了新的面部与呼吸道的廉价改造，改造者无惧风尘与一部分化学毒气，吃饭则直接用营养糊灌入即可，能明显地提高效率，希望可以在卫队与工人之中普及。,C0011,Task,学院,DI0001,,,,,补资源提交需求：用于公文物品面板弹出测试。,同意,拒绝,0,0,0,0,-1,0,0,0,0,0,0,0,0,0,0,0,,,0,0,0,0,,,0,0,,,0,0,,,,,这对效率与收益来说是至关重要的。,这是对人权的彻底物化与践踏。,F0003,F0003,这个提案是为了他们的健康。,只要提案通过，为了利益会开除所以不做改造的工人。
D0041,罪犯去处,监狱中的罪犯太多了，申请进行公开处决以儆效尤,C0010,Task,学院,DI0001,,,,,补资源提交需求：用于公文物品面板弹出测试。,同意,拒绝,-2,0,0,0,0,0,0,0,0,0,0,0,0,0,0,0,,,0,0,0,0,,,0,0,,,0,0,,,,,见识到那些家伙的下场后，犯罪率会越来越低的。,那您就得着手扩建监狱了。,F0001,F0001,一个人只是偷了面包果腹就被送去挖矿了！,你不能少抓点吗。
D0042,滚筒抄写,那些教会的人花费了太多时间用来抄写经文，为什么不对这个流程进行自动化呢？我把一些滚筒抄写机或者说抄写机仆卖给教会，只需要您帮忙对接一下就好，会给中介费。,C0001,Task,黑帮,DI0001,,,,,补资源提交需求：用于公文物品面板弹出测试。,同意,拒绝,0,0,-2,0,0,0,0,0,0,0,0,0,0,0,0,0,,,0,0,0,0,,,0,0,,,0,0,,,,,这个交易对大家都好。,可惜，那可是一大笔收入,F0003,F0003,大祭司绝对给那些混日子的抄写员安排重活。,机器是没有灵魂的……而且抄写员会失业的。
D0043,新塔楼,我们觉得上城区有一座崭新的塔楼用来报时的话会变得更完美，请帮忙开一下建筑许可证吧，顺便拨点款，给点建材？,C0026,Task,贵族,DI0001,,,,,补资源提交需求：用于公文物品面板弹出测试。,同意,拒绝,0,0,0,0,-2,0,0,0,0,0,0,0,0,0,0,0,,,0,0,0,0,,,0,0,,,0,0,,,,,看这图纸，建成后它将多养眼啊。,哎，多么令人失望啊,F0004,F0004,已经等不及啦，快快端上来吧。,那么一大片空地居然不能利用，太可惜了。
D0044,水管堵塞,有一群堕落者融合到了一起堵死了学院那片下面，现在需要将其彻底灭活，一个办法是派卫队一点点用火烧，另一个则是用毒气把它闷死，不过可能会误伤一些流浪者。,C0011,Task,学院,DI0001,,,,,补资源提交需求：用于公文物品面板弹出测试。,派人用火烧,用毒吧,-1,0,0,0,0,0,0,0,0,0,0,0,0,0,0,0,,,0,0,0,0,,,0,0,,,0,0,,,,,您做出了理性的衡量。,卫队的伤亡很可能超出可接受范围。,F0001,F0001,什么是理性，让平民和肉块一起被毒死吗？,那是你们。
D0045,倒卖义体,大臣阁下，我这边正好翻新了一批义体，九九成新的好玩意。我最近缺钱，如果您愿意，我能以成本价转手给您，到时候您再安排倒卖给那些冒险者，保证不亏的！,C0001,Task,黑帮,DI0001,,,,,补资源提交需求：用于公文物品面板弹出测试。,同意,拒绝,0,0,-1,0,0,0,0,0,0,0,0,0,0,0,0,0,,,0,0,0,0,,,0,0,,,0,0,,,,,阁下付款就是爽快啊。,哦，呃，看来我只能去自己想办法了。,F0001,F0002,这些垃圾义体都是哪里冒出来的！,请各位冒险者注意，不要为了便宜而购买未经质检的义体。
D0046,火灾隐患,下城区又出现了一场火灾，虽然那些泥腿子怎么样不重要，但我们还是重新考虑了一下现在的消防体系。为了保证不会有意外的火灾出现，往上城区再多播点消防款如何？,C0026,Task,贵族,DI0001,,,,,补资源提交需求：用于公文物品面板弹出测试。,同意,拒绝,0,0,0,0,-1,0,0,0,0,0,0,0,0,0,0,0,,,0,0,0,0,,,0,0,,,0,0,,,,,这下不用担心我的庭院失火了。,那我们的财务和人生安全谁来保护。,F0001,F0001,不是，起火的是我们啊！,你们的保护已经够多了。
D0047,偷税漏税,有些上城区的贵族严重偷报了税款，而且已经持续很长时间了。我们需要调度大量会计立刻调查，不然等他们处理好账本只会让留下烂账。,C0028,Task,王室,DI0001,,,,,补资源提交需求：用于公文物品面板弹出测试。,同意,拒绝,-2,0,0,0,0,0,0,0,0,0,0,0,0,0,0,0,,,0,0,0,0,,,0,0,,,0,0,,,,,根据统计需要补交的税款如下……,我的大人，那些人吞的钱也有您的工资。,F0004,F0004,天呐，这些都是我的钱！,不可能，绝对不可能。
D0048,死亡威胁,一些下城区的牧师近些天收到了来历不明的死亡威胁，这可不是什么令人高兴的消息不是么？为了这些传颂神恩的使者不必受恶徒的危害，我希望批准护教军入场。,C0015,Task,教会,DI0001,,,,,补资源提交需求：用于公文物品面板弹出测试。,同意,拒绝,0,0,-2,0,0,0,0,0,0,0,0,0,0,0,0,0,,,0,0,0,0,,,0,0,D0050,D0051,2,2,,,,,那些人必定会受到应有的惩戒。,只能希望神护佑他们了。,F0003,F0003,一定不能放过那些暴徒。,接下来将是一段担惊受怕的日子……
D0049,扩充禁卫军,最近是多事之秋，王室需要更多护卫保证安全，禁卫军也需要扩充。当然，也会给您多配几个卫兵的。,C0028,Task,王室,DI0001,,,,,补资源提交需求：用于公文物品面板弹出测试。,那就扩充,现在的够了,0,0,0,0,-2,0,0,0,0,0,0,0,0,0,0,0,,,0,0,0,0,,,0,0,,,0,0,,,,,好的，我去安排人员进行选拔。,要不给我们也安排点？,F0004,F0004,我会加强对您的护卫的，至于王室……,王？祝他长寿。
D0050,愚蠢小贼,之前那个散播死亡威胁的家伙抓到了，是一个想吓跑我们的牧师然后去偷礼拜堂里存粮的家伙，在把他送去监狱之前，我能不能先把他吊个半天以示惩戒。,C0016,Task,教会,DI0001,,,,,补资源提交需求：用于公文物品面板弹出测试。,别弄死了,尊重点法律,-1,0,0,0,0,0,0,0,0,0,0,0,0,0,0,0,,,0,0,0,0,,,0,0,,,0,0,,,,,我会找个阴凉地方让他吊着舒服点的。,那就直接让他去监狱里反省吧。,F0001,F0001,牧师跑了以后谁还发吃的？,所以明天还有面包吗。
D0051,感化小贼,下城区一个小贼偷偷溜进了一个礼拜堂偷粮食，被发现了我们的牧师以为是饿的受不了的平民，就给了他吃的和喝的，结果感动的自首了，现在想在蹲监狱前加入教会。,C0016,Task,教会,DI0001,,,,,补资源提交需求：用于公文物品面板弹出测试。,让他加入,让他坐牢,0,0,-1,0,0,0,0,0,0,0,0,0,0,0,0,0,,,0,0,0,0,,,0,0,,,0,0,,,,,那牢狱之灾就免了，罚他去社区劳动吧。,那就让他先去监狱里反省吧。,F0001,F0001,今天礼拜堂附近的街道干净了点啊。,有个家伙喊着出狱后要去教会改过自新……
D0052,榜样,我们有一位教士在下城区中很受欢迎，如果您能帮我们宣传一下那位教士的善举，想必会给很多人竖立一个正确的榜样的。,C0016,Task,教会,DI0001,,,,,补资源提交需求：用于公文物品面板弹出测试。,同意,拒绝,0,0,0,0,-1,0,0,0,0,0,0,0,0,0,0,0,,,0,0,0,0,,,0,0,,,0,0,,,,,人们需要一个方向，我们就给他们一个。,可惜，这是为人们寻找到信仰的好机会。,F0003,F0003,赞颂那些在迷途之时指引你们的引路者吧。,希望那些迷茫的人们可以找到自己的方向。
D0053,强化手术,王国的士兵们可以接受学院的强化手术来增强战斗力，手术后可能会有一些精神失常的症状，不过绝对瑕不掩瑜。,C0011,Task,学院,DI0001,,,,,补资源提交需求：用于公文物品面板弹出测试。,批准改造,安全为重,-2,0,0,0,0,0,0,0,0,0,0,0,0,0,0,0,,,0,0,0,0,,,0,0,,,0,0,,,,,您会看到机械的力量在人身上绽放的。,您的士兵已经落伍了，请不要忽视这一点。,F0002,F0002,所谓“术后精神病”只是谣言，请切莫相信。,我们正在加紧研发新一代义体以更好地进行适配。
D0054,工坊爆炸,学院那些工坊在搞什么！他们研究的炸药差点把大半个仓库都炸平！这种危险的实验不能在下城区做，他们必须滚蛋，立刻！,C0001,Task,黑帮,DI0001,,,,,补资源提交需求：用于公文物品面板弹出测试。,同意,拒绝,0,0,-2,0,0,0,0,0,0,0,0,0,0,0,0,0,,,0,0,0,0,,,0,0,,,0,0,,,,,让他们去荒野上捣鼓吧，这样炸也只能炸死自己。,指不定什么时候我们还得再被炸一次？,F0002,F0002,只是一次意外事故，完全没必要如此兴师动众。,只是一次意外事故，不会再有第二次的。
D0055,苛捐杂税,现在商会要缴纳给那些贵族的孝敬实在是太多了，我们这些干小本生意的都要喘不过气来了。如果您能给我们减减负，那可真是帮大忙了。,C0005,Task,贵族,DI0001,,,,,补资源提交需求：用于公文物品面板弹出测试。,同意,拒绝,0,0,0,0,-2,0,0,0,0,0,0,0,0,0,0,0,,,0,0,0,0,,,0,0,,,0,0,,,,,您的话会很有用的，这是一点小小心意。,这真是个令人遗憾的消息……,F0004,F0004,最近进口袋的钱怎么变少了？,那些贱民还有钱做生意就已经不错了。
D0056,焚香仪式,教会想要举办一场集体焚香仪式来净化下城区的污浊之气，我们相信这有利于大家的身心健康。,C0017,Task,教会,DI0001,,,,,补资源提交需求：用于公文物品面板弹出测试。,同意,拒绝,-1,0,0,0,0,0,0,0,0,0,0,0,0,0,0,0,,,0,0,0,0,,,0,0,,,0,0,,,,,届时会有数千人来此沐浴祷告的。,明明我们已经准备好了一切……,F0004,F0004,这股低劣熏香的怪味真是让人受不了。,那些熏香可不会驱散你们身上的穷酸气。
D0057,异端造物,学院正在研究的某个机械遗物拥有极强的攻击性的同时还有着近乎人的智能，甚至打算复辟前文明，这个异端造物就是彻头彻尾的危险因素，我们必须将其销毁。,C0016,Task,教会,DI0001,,,,,补资源提交需求：用于公文物品面板弹出测试。,同意,拒绝,0,0,-1,0,0,0,0,0,0,0,0,0,0,0,0,0,,,0,0,0,0,,,0,0,,,0,0,,,,,绝不能允许亵渎之物存在于世。,这风险也太大了。,F0002,F0002,这是孤本，珍贵的孤本！,我们会好好研究这种智能的来源的。
D0058,下水道疏通,连续几天都在下暴雨，下水道快要承载不住了，我们得提前做一下疏通。不然水管堵了，大水漫灌会很麻烦的，但雇人需要一些经费。,C0004,Task,工会,DI0001,,,,,补资源提交需求：用于公文物品面板弹出测试。,雇人,自己想办法,0,0,0,0,-1,0,0,0,0,0,0,0,0,0,0,0,,,0,0,0,0,,,0,0,,,0,0,,,,,这就安排人先处理低洼地区。,那我只能去让人用木桶舀了。,F0001,F0001,至少不用在泥水里跋涉了。,不干点什么吗？这段时间简直是天漏了……！
D0059,贵族失窃,我家里遭贼了！一定是工坊的人看上了我收藏的古代遗物，必须把小偷找出来！,C0026,Task,贵族,DI0001,,,,,补资源提交需求：用于公文物品面板弹出测试。,仔细调查,敷衍了事,-2,0,0,0,0,0,0,0,0,0,0,0,0,0,0,0,,,0,0,0,0,,,0,0,,,0,0,,,,,啊哈！我就知道是你们干的！,你们就是这么应对犯罪的吗？,F0002,F0002,工坊自发行为，请勿上升学院。,学院旗下的工坊绝无可能做出盗窃之举。
D0060,卫兵恐吓,一些贵族并未将王室与政令放在眼里，特别是后者，也许卫兵的一次登门造访应该能暂时吓住他们。,C0028,Task,王室,DI0001,,,,,补资源提交需求：用于公文物品面板弹出测试。,同意,拒绝,0,0,-2,0,0,0,0,0,0,0,0,0,0,0,0,0,,,0,0,0,0,,,0,0,,,0,0,,,,,在王都内，你们只算是一个……臣民。,还想吓吓他们来着……,F0004,F0004,卫兵？！卫兵为何！？,？
D0061,火药制品,我夜观天相，发现下城区的一块有轰然毁灭的趋势，过去一看学院把一堆过期火药全堆在那边了，不少还受潮了！赶紧让学院把它们分散储存或者销毁了！,C0014,Task,学院,DI0001,,,,,补资源提交需求：用于公文物品面板弹出测试。,同意,拒绝,0,0,0,0,-2,0,0,0,0,0,0,0,0,0,0,0,,,0,0,0,0,,,0,0,,,0,0,,,,,好，现在没问题了。,坏，我提醒过……我刚刚提醒过了吗？,F0002,F0002,你只是动动嘴，仓管费谁来负责啊。,我们的消防系统很完善，绝对不可能爆炸。
D0062,替换义体,我经过科学且严格的对比，得出的结论是把工人的四肢都替换成义体虽然贵点，但可以提高很多效率，请下令推广改造吧。,C0011,Task,学院,DI0001,,,,,补资源提交需求：用于公文物品面板弹出测试。,立刻推广,绝不可能,-1,0,0,0,0,0,0,0,0,0,0,0,0,0,0,0,,,0,0,0,0,,,0,0,,,0,0,,,,,工厂的效率可以再上一层楼了。,就为了那些不耐用的肉胳膊肉腿？,F0003,F0003,你这是纯粹把工人视作耗材。,工人退休之后是不是还要回收那些义体然后把他们丢出去。
D0063,解释教义,那些神棍们天天给下城区的泥腿子灌迷魂汤，不少人真的觉得人人应该平等了。我们得让贵族也有解释教义的权力，不能让那帮神棍说啥是啥。,C0025,Task,贵族,DI0001,,,,,补资源提交需求：用于公文物品面板弹出测试。,同意,拒绝,0,0,-1,0,0,0,0,0,0,0,0,0,0,0,0,0,,,0,0,0,0,,,0,0,,,0,0,,,,,一天天听念叨，聪明人也会变傻。,我们也要由着那帮神棍胡来？,F0003,F0003,胡乱解释神的旨意只会让人误入歧途。,这是在向大众传播恩典。
D0064,培养冒险者小队,老大，我们也应该加强培养自己的冒险者小队了，塑造一定总公会的威信的同时也稍微赚点钱。,C0004,Task,工会,DI0001,,,,,补资源提交需求：用于公文物品面板弹出测试。,同意,拒绝,0,0,0,0,-1,0,0,0,0,0,0,0,0,0,0,0,,,0,0,0,0,,,0,0,,,0,0,,,,,终于不用我一个人担着整个总工会的战力责任了。,我也想要假期……,F0001,F0001,不是，连你们都要和我们抢活干吗？,别想着和我们抢活啊！
D0065,飞艇运输,学院研发的试验性飞艇的运载能力已经很可观了，最重要的是它们不会被土匪打劫！用飞空艇能免去一大笔安保经费，但是短期内的购置费……您能不能帮忙出一点？,C0005,Task,工会,DI0001,,,,,,别出事了,听起来就不靠谱,0,0,0,0,0,0,0,0,0,0,0,0,0,0,0,0,,,0,0,0,0,,,0,0,D0066,,0,0,,,,,我保证不会出现问题的……保证……,这个理论上应该是可行的……,F0002,F0002,炼金气体的安全性还有待进一步测验。,我们会先进行一些试运行再推行商用。
D0066,引擎输出,阁下，那个，飞艇在路上的时候因为有人在飞艇里吸烟，所以整个……砸下来了，货仓保住了但残骸砸在了郊外的田地里，能不能拨一笔赔款……？,C0005,Task,工会,DI0001,,,,,,我就知道！,没钱，滚,0,0,0,0,0,0,0,0,0,0,0,0,0,0,0,0,,,0,0,0,0,,,0,0,,,0,0,,,,,感谢您，我会处理好后续的。,那我稍微自己想点办法……,F0001,F0001,先把这对堆火的破烂给我移开啊！,什么叫做用折扣券做赔偿？
D0067,新建花园,我觉得现在我在郊外的花园有些窄小了，正好一些平民还住在老旧的房屋中。我们会负责拆迁费的问题，还请您批准推平那些破房子腾出空间。,C0026,Task,贵族,DI0001,,,,,,同意,拒绝,0,0,0,0,0,0,0,0,0,0,0,0,0,0,0,0,,,0,0,0,0,,,0,0,,,0,0,,,,,支票已经开好了，随时可以去兑现。,还嫌不够？他们有些太贪心了。,F0001,F0001,搞什么，这些拆迁款还不够我们吃一个月的饱饭……！,不是，真不拆了啊？
D0068,探索运动,老大，很多工会联合组织了一场规模空前的遗迹探索运动，准备再往深处推一节，就等您批准了。,C0004,Task,工会,DI0001,,,,,,同意,拒绝,0,0,0,0,0,0,0,0,0,0,0,0,0,0,0,0,,,0,0,0,0,,,0,0,D0068,,0,0,,,,,这次必定会有不少收获的。,哎？不可以吗？,F0001,F0001,一定要挖点好东西回来啊。,散了散了，没啥好看的。
D0069,堕落者成群,深入遗迹内之后，发现有一块区域堕落者已经成群了，我们可以发动冒险者进行大规模扑杀，直接扑灭这个威胁。,C0004,Task,工会,DI0001,,,,,,同意,拒绝,0,0,0,0,0,0,0,0,0,0,0,0,0,0,0,0,,,0,0,0,0,,,0,0,,,0,0,,,,,全体出动，解决那些怪物！,您在担心伤亡？那我再去完善一下计划。,F0001,F0001,那些残骸可以再卖给学院和教会。,别让那些家伙跑出来了。
D0070,密谋,我们得到了可靠情报，宫内有人密谋刺杀王，人就在上城区，我们必须揪出这只老鼠，不择手段，请立刻允许进行大规模的肃清行动。,,Task,贵族,DI0001,,,,,,立刻行动,先再调查一下,0,0,0,0,0,0,0,0,0,0,0,0,0,0,0,0,,,0,0,0,0,,,0,0,,,0,0,,,,,虽然不太愿意承认，但这可能会是一波大清洗。,不要打草惊蛇么？我明白了。,F0004,F0004,这是诬陷！,发生什么事了？
D0071,人体实验,我最新的实验药剂缺一些动物样本，大概是体长一米七，体重七十公斤上下的灵长类动物，您能不能允许我找一批来，当然，不会有害的，而且会给足试验费的。,C0012,Task,工坊,DI0001,,,,,,允许,这不是人吗，滚,0,0,0,0,0,0,0,0,0,0,0,0,0,0,0,0,,,0,0,0,0,,,0,0,,,0,0,,,,,感谢您的准许，我现在就去。,行，那我自己去找找。,F0001,F0001,你听说了吗？有些人进了那屋子后就再没回来了。,学院的那些疯子又在搞什么鬼？
D0072,清理堵塞,我们打算使用一颗大型炸弹炸开遗迹里堵塞的通道，不过这可能会引发连锁反应导致另外一块区域不稳或者损坏一些遗物。,C0004,Task,工会,DI0001,,,,,,同意,拒绝,0,0,0,0,0,0,0,0,0,0,0,0,0,0,0,0,,,0,0,0,0,,,0,0,D0073,D0073,0,0,,,,,了解，立刻安排，准备起爆！,我只能推迟一下引爆时间，但这事肯定是要办的。,F0002,F0002,准备派遣人手检查通道稳固性。,所有单位注意，一定要在预定起爆日前尽快保护遗物。
D0073,被波及的冒险者,一伙冒险者为了在爆炸之前找到遗物偷走然后归于爆炸损耗，私自前往了预定爆炸区域结果被炸伤了，现在堵在工会门口索赔，要理会他们吗？,C0004,Task,工会,DI0001,,,,,,安抚一下,这是讹诈！,0,0,0,0,0,0,0,0,0,0,0,0,0,0,0,0,,,0,0,0,0,,,0,0,,,0,0,,,,,希望不会有其他人学他们。,我这就想办法让他们闭嘴。,F0001,F0001,别管为什么，就问你是不是应该负责！,夭寿啦，冒险者被炸伤工会还要堵嘴啊！
D0074,圣水,教区制造圣水耗费了那么多珍贵的纯水，大概给他们工业废水也没差，反正他们的信仰能净化那些杂质对吧。,C0012,Task,工坊,DI0001,,,,,,同意,拒绝,0,0,0,0,0,0,0,0,0,0,0,0,0,0,0,0,,,0,0,0,0,,,0,0,,,0,0,,,,,哈哈，您真同意啦？,哦，本来也就是个玩笑。,F0003,F0003,这是侮辱！这些圣水是要给平民做治愈仪式的！,别拿这种事情做玩乐的由头。
D0075,精神失常,过多的义体植入可能会造成精神失常，已经有不少病例了，但是为了城市正常运转，这件事需要被压下去免得引起恐慌。,C0011,Task,学院,DI0001,,,,,,压制传言,公开真相,0,0,0,0,0,0,0,0,0,0,0,0,0,0,0,0,,,0,0,0,0,,,0,0,,,0,0,,,,,我们会很快找到解决措施的。,我们要的只是一些找寻解决办法的时间。,F0002,F0002,最近又出了个精神病，这世道怎么了？,学院出产的义体！必须给我们一个解释！
D0076,国葬,我们一位令人尊敬的牧师长于工位上寿终正寝了，作为城内最富盛名的传教士，他直到死前的最后一刻还在试图推动下城区孤儿福利的落实，我认为他值得以国葬的礼节入土。,C0015,Task,教会,DI0001,,,,,,同意,拒绝,0,0,0,0,0,0,0,0,0,0,0,0,0,0,0,0,,,0,0,0,0,,,0,0,D0092,D0092,0,0,,,,,愿他的魂灵到主身边……,无妨，那让他安静的睡去吧。,F0004,F0004,一个连爵位都没有的家伙怎么配用这种规格的葬礼。,整天和泥腿子混一起的家伙，有什么好纪念的。
D0077,增税,最近各类繁杂事务导致上城区的花销猛增了啊，为了各项事务都有充足的资金，或许是时候增收税款了。,C0026,Task,贵族,DI0001,,,,,,立刻增税,暂不增税,0,0,0,0,0,0,0,0,0,0,0,0,0,0,0,0,,,0,0,0,0,,,0,0,D0078,,0,0,,,,,为国家做贡献，这是那些平民该承担的义务。,看来您有信心面对财政赤字，这是好事。,F0001,F0001,还要增税？日子真过不下去了......,幸好幸好。
D0078,减税,老大，现在冒险者上交遗物之后的佣金光是遗迹税都要按30%的市场价进行交税，百分之三十！更不要说还有道路使用费、人头税，这个税率太离谱了，您必须往下调整一些。,C0004,Task,工会,DI0001,,,,,,立刻减税,暂不减税,0,0,0,0,0,0,0,0,0,0,0,0,0,0,0,0,,,0,0,0,0,,,0,0,,,0,0,,,,,终于不用担心冒险者联合罢工了。,……好吧，知道了老大。,F0001,F0001,那当初涨这个税干什么！,累死累活赌上性命，工资三分之一都要拿不到了。
D0079,吸特乐,下城区现在掀起了一种吸食草药灰的风潮，管这种行为叫什么“吸特乐”，说这能增强精力。但怎么看怎么不对劲，需要取缔掉吗？,C0004,Task,工会,DI0001,,,,,,立刻让他们停下！,随他们去,0,0,0,0,0,0,0,0,0,0,0,0,0,0,0,0,,,0,0,0,0,,,0,0,,,0,0,,,,,我明白了，我现在就去执行。,好的，也不是什么大事。,F0001,F0001,别呀，平常就这么点消遣了。,今晚继续嗨，接着奏乐接着舞！
D0080,雇用移民,那些外来移民为了一口饭吃还是挺努力的，劳力成本比其他工人低多了，我在想商会的搬运工什么的也可以用这些移民来充当，多省钱啊。,C0005,Task,工会,DI0001,,,,,,同意,拒绝,0,0,0,0,0,0,0,0,0,0,0,0,0,0,0,0,,,0,0,0,0,,,0,0,D0081,,0,0,,,,,这是一批好用的人力。,好吧，他们能找到其他岗位的。,F0001,F0001,那些移民要把我们的工作全都抢走了！,我们不应该让这些移民继续进来了。
D0081,治安问题,外面来的那些移民越来越多了，先不说随地大小便这种事情了，他们对下城区的居民毫无尊重，治安都差了，我希望可以允许对这些移民来一击重拳。,C0004,Task,工会,DI0001,,,,,,同意,拒绝,0,0,0,0,0,0,0,0,0,0,0,0,0,0,0,0,,,0,0,0,0,,,0,0,,,0,0,,,,,收到，老大，我会让他们安分的。,为了王都形象只能克制了吗。,F0001,F0001,吼吼，现在谁才是老大嗷？,我一回家，移民躺在我的床上，旁边是我老婆！
D0082,非法药物,下城区的黑帮一直在贩卖各种奇奇怪怪的药物，我觉得最好还是派些人过来看看，不然那些家伙要把下城区掀了。,C0004,Task,工会,DI0001,,,,,,立刻派人,没关系的,0,0,0,0,0,0,0,0,0,0,0,0,0,0,0,0,,,0,0,0,0,,,0,0,,,0,0,,,,,最好治治那些人什么都敢卖的嚣张劲。,那些家伙真的为了赚钱什么都敢干。,F0001,F0001,他们不卖药了，我们吃什么？,至少有药吃，算好事吧。
D0083,通货膨胀,现在一些贵族为了省钱，工资都给一种代金券，这东西搞得通货膨胀太厉害了！上个月发挣一张券现在就只能当半张用，求您说说理，让搞钱那帮人别再胡乱印了。,C0001,Task,黑帮,DI0001,,,,,,立刻禁止,我管不了,0,0,0,0,0,0,0,0,0,0,0,0,0,0,0,0,,,0,0,0,0,,,0,0,,,0,0,,,,,请快点采取行动，拜托了！,再这么下去，一个面包很快就要变成五十万了。,F0004,F0004,少印？那不就只能发真金白银了吗！,国家的经济岂是这么个小人物能指指点点的？
D0084,燃料短缺,学院为了研究魔导功能器，耗费了太多能源，导致燃料有些不够了，希望可以从上城区调度一些，反正上城区的能源都被用在照顾温室里的花。,C0010,Task,学院,DI0001,,,,,,同意,拒绝,0,0,0,0,0,0,0,0,0,0,0,0,0,0,0,0,,,0,0,0,0,,,0,0,,,0,0,,,,,了解，我们可以继续研究了。,那只能把工坊的调温系统暂时关了，让他们开窗散热吧。,F0004,F0004,让学院关掉几个工坊也可以解决这个问题！,这不是有解决办法吗，这些花可比你们的学徒贵多了。
D0085,抚恤金,老大，我认为有必要提高冒险者的抚恤金，否则这行的人会越来越少的。,C0004,Task,工会,DI0001,,,,,,同意,拒绝,0,0,0,0,0,0,0,0,0,0,0,0,0,0,0,0,,,0,0,0,0,,,0,0,,,0,0,,,,,太好了，我这就去告诉大家这个消息。,这……我明白了。,F0004,F0004,这些钱原本应该是我们的，这是抢钱！,连抚恤金都只有这么点，玩什么命啊。
D0086,保护费,下城区的黑帮正在朝着民众勒索保护费，但也在维持那里的秩序，说实话，也许我们应该管管了。,C0004,Task,工会,DI0001,,,,,,同意,拒绝,0,0,0,0,0,0,0,0,0,0,0,0,0,0,0,0,,,0,0,0,0,,,0,0,,,0,0,,,,,是时候让黑帮收敛点了。,他们至少真的在维稳。,F0001,F0001,也是，毕竟他们也有些作用。,现在交完税，还得交保护费。
D0087,无业者,现在城里的失业问题有些严重了不是么？不过换个想法，我们可以用比平常更低的成本调遣他们，比如……去维护水坝怎么样？,C0025,Task,贵族,DI0001,,,,,,同意,拒绝,0,0,0,0,0,0,0,0,0,0,0,0,0,0,0,0,,,0,0,0,0,,,0,0,,,0,0,,,,,人们有了工作，还能帮助农业发展，一举两得。,真可惜，以后再想要建水坝就要贵很多了。,F0001,F0001,虽然累了点，但是能吃上饭就行。,趁人之危的剥削算什么本事。
D0088,工坊泄露,有个，嗯，不太令人愉快的消息：我们的一个工坊发生了泄露，有毒气团似乎还在往下城区飘。现在疏散民众还来得及，不过我觉得把事情压下去也可以吧？,C0012,Task,工坊,DI0001,,,,,,疏散群众,压制消息,0,0,0,0,0,0,0,0,0,0,0,0,0,0,0,0,,,0,0,0,0,,,0,0,,,0,0,,,,,好吧，既然这是您的决定。,我们尽量不把事情闹大，感谢您的支持。,F0001,F0001,学院又在干什么，毒气泄露？跑啊！,空气中为什么一股臭鸡蛋味？
D0089,集体中毒,最近下城区里不知道为什么突然集体出现了中毒情况，解毒的药剂完全不够了，能不能拨点款去采购一批？,C0001,Task,黑帮,DI0001,,,,,,同意,拒绝,0,0,0,0,0,0,0,0,0,0,0,0,0,0,0,0,,,0,0,0,0,,,0,0,,,0,0,,,,,呼，这样子可以救回来不少人。,那已有的药剂兑点水应该也够。,F0001,F0001,所以到底发生了什么事情啊！,咕，为什么有矮人在天花板上？
D0090,暴露了,又是一个不太好的消息，因为中毒的人太多，院长派人来调查了，结果查到我身上了，求您给一点支持，让我好……用真心去说服调查员？,C0012,Task,工坊,DI0001,,,,,,给予支持,与我无关,0,0,0,0,0,0,0,0,0,0,0,0,0,0,0,0,,,0,0,0,0,,,0,0,,,0,0,,,,,太好了，我们都会相安无事的。,不……这对你我都不太好。,F0002,F0002,经过严格调查，下城区的中毒事件疑为教会所致……,经过严格调查，下城区的中毒事件疑为上城区决策失误所致……
D0091,工作时间,现在的工人们太怠懒了，最好在延长工作时间，不然一天的生产量根本不达标。,C0012,Task,工坊,DI0001,,,,,,延长工时,维持现状,0,0,0,0,0,0,0,0,0,0,0,0,0,0,0,0,,,0,0,0,0,,,0,0,,,0,0,,,,,这样应该能保持每日指标的达成。,令人失望，那些工人最好能在指定时间内完成好自己的工作。,F0001,F0001,还来？！,我们已经尽力了......
D0092,教育补助金,我们应该为孩子们提供教育补助金，每个孩子都有受到教育的权利，教会可以多开设一些学校进行支持。,C0016,Task,教会,DI0001,,,,,,同意,拒绝,0,0,0,0,0,0,0,0,0,0,0,0,0,0,0,0,,,0,0,0,0,,,0,0,D0093,,0,0,,,,,有更多孩童可以沐浴在主的光辉之下了。,这对于那些渴望受教育的孩子们不公平。,F0001,F0001,号外，号外，新的教会学校将在不日后开办。,由于不可抗力，原定的学校建设计划已取消。
D0093,童工,您支持教育的决心我能理解，但现在很多家庭都在闹，说你们剥夺了孩子赚钱养家的权利，也许您可以同意他们进行勤工俭学。,C0012,Task,工坊,DI0001,,,,,,同意,拒绝,0,0,0,0,0,0,0,0,0,0,0,0,0,0,0,0,,,0,0,0,0,,,0,0,,,0,0,,,,,这些孩子也是宝贵的劳动力。,这对那些家庭的打击是巨大的。,F0003,F0003,如果你们发一个父亲可以赚够养活全家的钱就不用童工了！,你应该思考一下为什么孩子需要赚钱养家。
D0094,托管所,我们应该建立更多的托管所，这样父母们工作的时候就不会为了孩子而三心二意了。,C0010,Task,学院,DI0001,,,,,,同意,拒绝,0,0,0,0,0,0,0,0,0,0,0,0,0,0,0,0,,,0,0,0,0,,,0,0,,,0,0,,,,,这对于提高生产效率是一大好事。,托儿所会照顾好你们的孩子，请专注于自己的工作。,F0002,F0002,这不是个好决定。,照顾幼儿不能成为早退的理由。
D0095,尸油,我最近终于成功利用一个榨油遗物炼制出来了廉价尸油——虽然不稳定，但好歹是一个廉价能源供应，要不要在下城区推广一下，还能赚点钱。,C0001,Task,黑帮,DI0001,,,,,,同意,拒绝,0,0,0,0,0,0,0,0,0,0,0,0,0,0,0,0,,,0,0,0,0,,,0,0,,,0,0,,,,,很好，能源来源更多了。,下城区需要利用一切资源，不过这次就算了。,F0001,F0001,我家姥姥还没完全断气就被拉去炼油了。,我祖辈突然托梦说逃过一劫。
D0096,墓园,教会想要规划一片新陵园来让有功绩的逝者安息，不知王室能否出售一块靠近上城区的土地给我们，那边的地势很好。,C0016,Task,教会,DI0001,,,,,,同意,拒绝,0,0,0,0,0,0,0,0,0,0,0,0,0,0,0,0,,,0,0,0,0,,,0,0,,,0,0,,,,,任何为神尽忠的人都该有安息的地方。,好吧，我会规划在偏远的郊区的。,F0004,F0004,你把宝贵的空地卖了就为了埋平民的尸体？,那块宝贵的空地我可是准备拿来开花园的，别打主意！
D0097,堆肥,下城区的田产量下滑了，肯定是肥料不足导致的。学院那帮家伙如果不肯出给我们便宜的优质肥料，就别怪我们在学院旁边堆肥了。,C0001,Task,黑帮,DI0001,,,,,,去做吧,给我停下,0,0,0,0,0,0,0,0,0,0,0,0,0,0,0,0,,,0,0,0,0,,,0,0,,,0,0,,,,,我会保证很快能恢复产量的。,那倒是让学院给点什么啊。,F0002,F0002,把那些大粪拿开，我会提供肥料的！,别像个讨口子的，学院不做慈善。
D0098,器官买卖,最近发生了一个骇人听闻的事情，一个善良但年迈的贵族绅士，只是想要买一个泥腿子的器官来拥有更多的时间做好事，就被捕入狱了，请您更改法律允许这类时间买卖吧。,C0025,Task,贵族,DI0001,,,,,,允许买卖,给我滚！,0,0,0,0,0,0,0,0,0,0,0,0,0,0,0,0,,,0,0,0,0,,,0,0,,,0,0,,,,,这是合理且潜力庞大的市场，这是您的份额。,真是可惜，我们可是给钱的……,F0001,F0001,我们在你们眼里到底是什么！,死人可拿不到你们的钱。
D0099,施压,其他城市都在抬高关税，商队都快被挤兑得破产了。您应该利用自己的威严向其他城市施压，这样肯定能降低货物价格。,C0005,Task,工会,DI0001,,,,,,答应,别扯上我,0,0,0,0,0,0,0,0,0,0,0,0,0,0,0,0,,,0,0,0,0,,,0,0,,,0,0,,,,,果然，您一开口，效果真是立竿见影啊！,哎哟，这么下去非破产不可！,F0004,F0004,喂，那个城市可是我的领地，你想干什么。,这可不像是健康的商贸关系。
D0100,新建公路,一条新的公路能够加强物流，刺激对外贸易，同时也方便管理，但需要一点启动的材料，也许您应该考虑一下。,C0010,Task,学院,DI0001,,,,,,同意,拒绝,0,0,0,0,0,0,0,0,0,0,0,0,0,0,0,0,,,0,0,0,0,,,0,0,,,0,0,,,,,这将会有利于进口各种稀缺资源。,现在没有这打算？以后我会再来的。,F0002,F0002,新的公路预计将能带来大量的进出口额增长。,目前出城的渠道短期没有改善的趋势。
D0101,绿化改造,看看这漫天黄沙，哦，偶尔一出门还会有沙子从城外吹过来，最好提起一些环保理念，至少要让上城区里绿起来。,C0026,Task,贵族,DI0001,,,,,,准许推广,别乱来啊,0,0,0,0,0,0,0,0,0,0,0,0,0,0,0,0,,,0,0,0,0,,,0,0,,,0,0,,,,,现在上城区的绿化量才对嘛。,好吧，您就去忙那些您觉得更重要的事吧。,F0004,F0004,不说防风沙，光好看就够了。,多好的提案，怎么会被否掉呢？
D0102,廉价酒水,我觉得应该试着打破教会对酒水的垄断和控量了，我们在试图推广一种新式的蒸馏酒，更加便宜且易于销售——原浆兑水然后直接送到酒吧就好，调味就让酒保来。,C0001,Task,黑帮,DI0001,,,,,,同意,拒绝,0,0,0,0,0,0,0,0,0,0,0,0,0,0,0,0,,,0,0,0,0,,,0,0,D0103,,0,0,,,,,我就知道您会同意的，这是您的份。,这真的会大赚一笔的！,F0003,F0003,但愿下城区莫要溺死于廉价的酒水之中。,我们约束的不只是酒精，还有欲望。
D0103,禁酒令,新款的酒精饮品廉价而畅销，但问题是他们太畅销了！这类酒太容易上头而且无法管控，甚至已经有用工业酒精替代的了，我们必须加以管控，哪怕这会导致涨价。,C0005,Task,工会,DI0001,,,,,,同意,拒绝,0,0,0,0,0,0,0,0,0,0,0,0,0,0,0,0,,,0,0,0,0,,,0,0,,,0,0,,,,,没有醉汉的世界是个更美好的世界。,会有越来越多的事故的……,F0001,F0001,怎么酒变贵了，我们喝什么？,嗝，酒保，再……再来一杯！
D0104,神龛,我们计划在下城区中出售更多神龛，方便我们的信徒在家中祷告。,C0017,Task,教会,DI0001,,,,,,同意,拒绝,0,0,0,0,0,0,0,0,0,0,0,0,0,0,0,0,,,0,0,0,0,,,0,0,,,0,0,,,,,有朝一日，神洒下的希望也会落入最深的小巷。,哦，这真是可惜，不过我们的礼拜堂仍然开放。,F0003,F0003,立刻联系工坊加大制造量。,通知工坊停工，计划取消。
D0105,炼金气体,我们研究新式空艇需要一种炼金气体，但这种气体的提取过程需要神术支持，能否让教会把这项神术技术开源，我们的研究就不需要收到教会掣肘了。,C0010,Task,学院,DI0001,,,,,,同意,拒绝,0,0,0,0,0,0,0,0,0,0,0,0,0,0,0,0,,,0,0,0,0,,,0,0,,,0,0,,,,,天空将是未来，这是王国的一大步。,我们甚至得聘请祭司过来？,F0003,F0003,在掠夺他人的技术的时候就不讨论专利了？,如果你想要某项技术，也许可以考虑购买专利，而不是抢劫。
D0106,复购率,事实证明我们生产的商品太耐用了，复购率严重不足，如果要赚钱就需要更改一下产线结构了，让东西更容易用坏一点。,C0012,Task,工坊,DI0001,,,,,,同意,拒绝,0,0,0,0,0,0,0,0,0,0,0,0,0,0,0,0,,,0,0,0,0,,,0,0,,,0,0,,,,,这会带来更多的营收。,或许您还不知道学院需要赚钱才能维持运营？,F0001,F0001,这是这个月坏掉的第二个了......,买一个能用几年才是好东西！
D0107,异端讨伐,附近一个野兽人村落投信了异教，并且计划对王都外围进行袭扰掠夺，请允许我在他们动手之前先行进行对异端的讨伐。,C0020,Task,教会,DI0001,,,,,,同意,拒绝,0,0,0,0,0,0,0,0,0,0,0,0,0,0,0,0,,,0,0,0,0,,,0,0,,,0,0,,,,,愿神的光辉沐浴在这片土地。,这是在放纵异端。,F0003,F0003,护教军集结完毕，向着城外出发。,护教军将仅负责守护教区附近区域。
D0108,爆炸风险,我看见了……一个工坊将会出现爆炸，但我没看清是哪个。为了安全起见，虽然推荐最好把城内每一个工坊都排查一遍，但学院那把反应挺强烈的。,C0014,Task,学院,DI0001,,,,,,派人排查,让他们自己来,0,0,0,0,0,0,0,0,0,0,0,0,0,0,0,0,,,0,0,0,0,,,0,0,,,0,0,,,,,这样子也好，至少可以安心点。,也对，让学院自己去解决吧。,F0002,F0002,这是对学院的不信赖，我们可以自己处理。,你总不能什么都查吧，万一查出来点什么呢。
D0109,贩奴,失业者的问题越来越严重了不是么，我有个法子，将他们运到其他地方做劳力如何？我们只需要按人头收取一点中介费……当然，利润不会少了您的那份的。,C0025,Task,贵族,DI0001,,,,,,好计划,这叫贩奴！,0,0,0,0,0,0,0,0,0,0,0,0,0,0,0,0,,,0,0,0,0,,,0,0,,,0,0,,,,,我就知道您能看出这是个一本万利的买卖。,呃，好吧，既然您不同意的话。,F0001,F0001,去其他地方工作的机会吗？听上去好不靠谱。,还是在本地找工作比较好。
D0110,知识,那些教学学校都在教什么破玩意，泥腿子的孩子居然在学文化和数学，他们只需要学会怎么操作机器就好了，这些科目纯粹是在浪费我们纳税人的钱。,C0026,Task,贵族,DI0001,,,,,,改变课程,维持现状,0,0,0,0,0,0,0,0,0,0,0,0,0,0,0,0,,,0,0,0,0,,,0,0,,,0,0,,,,,踏实干活可比那些没用的知识能赚钱。,得了，爱怎么样怎么样吧。,F0003,F0003,这是在扼杀孩子们的未来。,知识乃是神恩，无人可以掠夺。
document_flood_boats,民船登记簿,船夫请求登记私人小船，用于紧急渡人；贵族船主担心这会暴露自家船只。,C0006,Disaster,工会,disaster_flood_01,stage_warning,,,0,中文灾难公文测试,登记民船,维持私用,0,0,0,0,0,0,-1,1,0,0,0,0,-1,1,0,0,,,0,0,0,0,,,0,0,,,0,0,,,私人小船被标记为紧急渡口船。,船主们继续私下安排路线。,信使抄下船名和停靠点。,信使没有拿到登记簿。,civilian,noble,居民知道哪些船能安全渡人，质疑略降。,贵族船主不满议厅插手船只。
document_flood_levee,北堤加固令,工程队报告北堤有一段土层松动，请求趁雨势尚轻调拨建材加固。,C0028,Disaster,工会,disaster_flood_01,stage_warning,,,0,中文灾难公文测试,调建材加固,延后复查,0,0,-1,0,0,0,0,0,-1,1,0,0,-1,1,0,0,,,0,0,0,0,,,0,0,,,0,0,,,建材被送往北堤，薄弱处先被压住。,北堤继续等待复查。,管事记录了北堤调拨令。,管事把北堤便条留在待办堆里。,civilian,academy,堤边工人看见议厅提前行动。,学院批评议厅轻视工程警告。
document_flood_shelter,庙厅避雨申请,庙祝请求打开一间偏厅收容被雨困住的人，但这会消耗一批食物和毯子。,C0006,Disaster,工会,disaster_flood_01,stage_warning,,,0,中文灾难公文测试,开放偏厅,保持关闭,0,0,0,0,-1,0,0,0,0,0,-1,1,-1,2,0,0,,,0,0,0,0,,,0,0,,,0,0,,,偏厅在傍晚前打开，湿透的人群有了落脚处。,偏厅继续关闭，人群挤在檐下。,信使带走了开厅许可。,信使没有拿到印章，只能回去复命。,civilian,church,居民在雨夜找到干燥地面，质疑略降。,教会反对议厅让庙厅继续关门。
document_flood_watch,河闸夜巡报告,守闸人报告低河闸夜间涨水，需要一支小队通宵看守，否则清晨可能来不及关闸。,C0006,Disaster,工会,disaster_flood_01,stage_warning,,,0,中文灾难公文测试,雇夜巡队,交给志愿者,-1,0,0,0,0,0,0,0,0,0,0,1,-1,1,0,0,,,0,0,0,0,,,0,0,,,0,0,,,夜巡队守到天亮，河闸没有失控。,志愿者半夜散去，闸口只剩两盏灯。,信使把夜巡名单钉在木板上。,信使记下没有雇队的决定。,civilian,church,闸口附近的居民终于睡得安稳些。,教会质疑议厅把危险交给临时人手。
document_market_notice,赈济仓修建令,库房管事呈上临时赈济仓图纸，请求立刻拨出许可，在王宫门前搭起可反复发粮的赈济仓。,C0028,Global,工会,,,,,0,阶段15建筑解锁测试公文,批准修建赈济仓,暂缓修建,0,0,0,0,0,0,1,0,0,1,0,0,-2,2,0,0,,,0,0,0,0,,,0,0,,,0,0,building_relief_depot,,赈济仓开始搭建，城区中对应建筑应从隐藏变为显示。,赈济仓图纸被退回，城区中对应建筑保持隐藏。,管事领到印信，立刻派人搬运木料。,管事收起图纸，等待下一次批准。,civilian,civilian,居民听说赈济仓开工，质疑略降。,居民认为议厅又推迟了赈济安排。
document_market_roster,粥棚轮值表,小吏询问是否公布粥棚轮值表，让各街区知道今日由谁负责发粥。,C0028,Global,工会,,,,,0,中文全局公文测试,公布轮值,内部留存,0,0,0,0,0,0,0,0,0,0,0,0,-1,1,0,0,,,0,0,0,0,,,0,0,,,0,0,,,轮值表贴在米价告示旁边。,轮值表仍锁在议厅抽屉里。,管事签下轮值表副本。,管事把轮值表归档。,civilian,civilian,居民知道该找谁领粥，质疑略降。,居民抱怨粥棚职责不透明。
document_relief_followup,赈济回执,上一批仓储拨付的回执隔了一夜才送到，信使请求补登账册，避免明日清点出错。,C0006,FollowUp,工会,disaster_flood_01,,task_demo_relief_01,task_stage_relief_prepare,0,中文后续公文测试,补登回执,搁置回执,0,0,0,0,1,0,0,0,0,0,0,0,-1,1,0,0,,,0,0,0,0,,,0,0,,,0,0,,,回执被补入账册，粮数终于对上。,回执被压在案角，无人细看。,信使把回执夹进账册，等候下一道命令。,信使把回执留在案上，神情尴尬。,civilian,civilian,居民看到账目变得清楚，质疑略降。,居民怀疑议厅在故意拖延账目。
document_relief_guard,赈济车护卫调令,库房管事询问是否调派守卫护送赈济车穿过市场路，那里已经有人争抢湿粮。,C0028,Task,贵族,disaster_flood_01,,task_demo_relief_01,task_stage_relief_deliver,0,中文公文流程测试,派出护卫,守卫留堂,-2,0,0,0,0,0,-1,2,0,0,-1,1,0,2,1,-1,,,0,0,0,0,,,0,0,,,0,0,,,赈济车在护卫陪同下平安通过市场。,车队独自上路，几袋粮在市场口失踪。,管事记下护卫调令，松了一口气。,管事担心车队暴露在混乱街口。,noble,civilian,贵族巡逻队认可这次可见的秩序。,居民责怪议厅让赈济车孤身上路。
document_relief_prepare,赈济仓拨付令,库房管事呈上一卷湿边账册，请求立刻拨出银钱与建材，先把第一批赈济车送到低洼街区。,C0028,Task,工会,disaster_flood_01,,task_demo_relief_01,task_stage_relief_prepare,0,中文公文流程测试,准拨仓储,暂缓复核,-5,0,0,0,0,0,1,0,0,1,0,0,-2,3,1,-1,,,0,0,0,0,I0001,,1,0,document_relief_followup,,1,0,building_relief_depot,,第一批赈济车带着封印离开库房。,这份请求被退回，等待下一次复核。,管事低头领命，立刻派人去低洼街区。,管事收起印章，担心车队误时。,civilian,civilian,低洼街的居民听说粮车已经出发，质疑略降。,居民听说仓门未开，议论声更大。
document_relief_route,积水街道通行图,信使送来一张临时路线图，图上标出几处还能通行的石桥，请求在车队出发前盖印。,C0006,Task,工会,disaster_flood_01,,task_demo_relief_01,task_stage_relief_deliver,0,中文公文流程测试,按图放行,先派斥候,0,0,0,0,0,-2,0,1,-1,0,0,0,-1,1,1,0,I0001,,1,0,0,0,,item_food,0,1,,,0,0,,,车队按排水图绕开了最深的积水。,车队等待斥候，粮包被雨水浸坏一批。,信使接过路线批文，转身冲进雨里。,信使匆匆离开，脸色并不好看。,civilian,academy,居民看到车队赶在天黑前抵达。,学院记录了谨慎但昂贵的测绘过程。
document_tutorial_relic_administration,是否准许启用遗物进行政务辅助处理,王室书记官呈上一份临时授权，请求准许刚苏醒的遗物协助处理政务，并以王室印章确认流程有效。,C0028,Task,工会,DI0001,DS_TUTORIAL,,,0,开场S0002公文教学专用,准许启用,暂缓启用,0,0,0,0,0,0,0,0,0,0,0,0,0,0,0,0,,,0,0,0,0,,,0,0,,,0,0,,,印章落下，政务辅助处理流程被正式启用。,授权被暂缓，近侍只好重新解释为何这不是一个好主意。,书记官收起批文，确认流程已经生效。,授权被暂缓，近侍只好重新解释为何这不是一个好主意。,civilian,civilian,众人开始承认这件遗物能处理最基础的政务。,旁观者对新王室流程仍然半信半疑。
